movie_id,rating
2858,3428
260,2991
1196,2990
1210,2883
480,2672
2028,2653
589,2649
2571,2590
1270,2583
593,2578
1580,2538
1198,2514
608,2513
2762,2459
110,2443
2396,2369
1197,2318
527,2304
1617,2288
1265,2278
1097,2269
2628,2250
2997,2241
318,2227
858,2223
356,2194
2716,2181
296,2171
1240,2098
1,2077
1214,2024
2916,1996
457,1995
3578,1924
1200,1820
541,1800
2987,1799
1259,1785
50,1783
34,1751
2791,1731
780,1730
3175,1728
1193,1725
919,1718
924,1716
1127,1715
2355,1703
1387,1697
1221,1692
912,1669
1036,1666
1213,1657
1610,1652
377,1650
1291,1628
2000,1627
1136,1599
3114,1585
1307,1568
1704,1548
1721,1546
1968,1539
648,1527
2599,1522
3793,1511
32,1511
2174,1495
2797,1491
2291,1473
2918,1473
3471,1451
590,1451
2959,1451
1374,1448
2683,1434
1394,1434
592,1431
1784,1424
1573,1421
1304,1419
3418,1417
223,1412
380,1400
2706,1389
1225,1382
1584,1382
1527,1377
3481,1373
1923,1371
750,1367
2699,1367
39,1362
21,1356
1393,1353
2804,1352
588,1351
2406,1345
1220,1341
733,1340
1230,1334
3176,1331
1961,1330
3751,1329
1079,1326
908,1315
3408,1315
1073,1313
3623,1313
1356,1310
3527,1297
2700,1269
1219,1263
1247,1261
1089,1259
1544,1255
1222,1254
150,1251
111,1240
3753,1240
2710,1237
2657,1233
357,1233
2985,1229
1206,1229
1094,1229
2640,1222
3147,1222
2395,1220
3421,1207
1517,1205
1641,1199
1278,1193
1252,1185
367,1179
1358,1177
1208,1176
2100,1163
1676,1163
2529,1162
2011,1158
2321,1158
920,1156
2324,1152
2012,1148
1090,1143
47,1137
1500,1136
1370,1135
1954,1129
1673,1128
2115,1127
2194,1127
1376,1126
587,1124
364,1121
3253,1120
3671,1119
1288,1118
923,1116
316,1116
3160,1113
1242,1112
1917,1110
736,1110
1294,1099
3255,1099
1732,1097
3361,1095
1396,1091
2763,1089
1258,1087
2302,1086
3448,1082
1653,1077
1608,1076
1391,1074
2692,1072
2455,1071
3702,1066
3081,1066
2268,1061
595,1060
349,1059
969,1057
3256,1052
904,1050
1234,1049
1674,1046
597,1046
2054,1045
913,1043
2081,1035
3703,1034
11,1033
1377,1031
2890,1021
3755,1013
1028,1011
2001,1011
2968,1010
1101,1010
2617,1007
2407,1006
1682,1005
1233,1001
1372,1001
1266,997
551,996
1909,996
3897,994
3363,990
329,990
1183,989
3052,989
2353,988
539,986
2006,983
3072,982
25,980
2289,978
1408,975
474,972
2105,970
3552,967
1639,966
1552,954
788,948
440,948
2712,945
3108,945
1215,945
1282,943
6,940
1250,938
2336,938
2746,936
2770,935
1276,930
1207,928
36,928
1375,927
235,927
1080,926
1320,925
293,923
2248,914
70,914
1199,913
2470,912
1777,909
1912,908
3555,908
1747,907
903,905
2701,902
3033,899
2947,897
1876,895
10,888
3210,886
1407,886
1997,885
1179,885
3499,884
3006,884
1129,884
1035,882
1625,882
1148,882
1748,874
3174,874
2502,872
3107,869
3699,865
2080,864
3082,862
1722,862
3948,862
3608,861
1953,861
1246,855
2723,853
2915,852
2908,850
2641,846
2369,840
3039,839
3543,839
500,838
2424,838
2352,838
17,835
910,832
1204,831
1645,826
165,825
2108,825
454,824
1201,822
3510,821
1569,820
1380,817
3809,817
1597,811
3526,811
2167,809
3450,809
2393,807
2278,806
2427,803
1285,803
2002,802
3101,802
2193,802
368,802
2058,799
2064,798
1994,795
3354,793
1371,792
2694,791
3624,791
2021,789
2243,789
1060,786
2881,786
3424,781
2671,780
1690,779
2605,777
153,777
2003,776
2023,774
2020,773
2490,773
265,772
2948,771
1302,768
344,766
785,765
3104,765
3362,765
1267,765
594,763
1947,761
161,760
3386,756
2366,756
1513,755
778,751
1092,751
1965,751
899,751
1231,750
2826,750
2391,745
3396,744
1077,744
2872,742
2288,741
1275,741
1663,740
253,738
2094,736
353,734
1333,733
1249,733
292,733
1299,732
3698,730
953,729
2871,729
1729,724
2580,723
3704,722
3489,722
529,720
1466,719
2144,719
1244,718
246,716
2005,716
968,715
2124,714
2160,712
3148,711
2140,710
2944,707
266,705
300,705
1287,704
2359,703
3763,701
2,701
288,700
1263,700
2572,700
2161,699
1235,697
1262,696
2150,695
2145,693
337,693
3868,692
2688,691
3504,688
1088,687
1343,687
434,686
1084,686
141,682
16,682
104,682
543,682
3105,680
1093,680
708,679
1228,677
902,676
1188,676
586,675
2761,674
2405,673
339,673
1269,672
1339,672
1293,671
1918,669
3476,667
1831,667
3263,667
497,667
1485,666
3247,666
1883,664
2078,664
1952,663
231,660
3863,658
2300,658
555,658
3911,657
745,657
2076,654
3638,652
1962,652
208,651
2724,650
2949,646
1272,645
2294,645
3697,643
441,643
317,641
3005,640
442,640
2329,640
95,638
2527,636
1960,636
914,636
1957,634
2707,634
800,630
3535,630
2664,628
3683,628
1711,628
3591,628
2019,628
2273,627
3257,626
2528,626
1959,626
1805,626
2542,625
2581,624
2616,624
24,624
3100,623
2013,622
610,618
1203,616
2539,616
1172,615
1037,615
852,615
1921,613
1373,613
3785,613
2433,612
653,612
3070,611
1885,608
509,608
1562,606
198,605
3301,602
2371,599
471,599
2722,598
2087,594
1256,594
1271,593
1292,591
3037,591
3360,590
3298,590
2018,589
2501,588
3717,584
3740,584
3044,583
2686,583
898,582
2394,579
2333,578
3273,577
1022,577
1019,575
2109,573
466,573
1587,572
866,572
1095,571
112,570
2478,569
185,569
1029,568
1345,567
2085,565
2662,565
160,565
2717,565
2067,564
3113,564
173,564
832,564
673,563
1479,563
1378,562
1186,562
508,561
1296,560
3752,560
2541,559
3893,559
1253,559
2792,558
3060,558
1586,557
2976,557
3252,555
151,554
1967,554
553,553
3435,551
196,550
2795,549
1321,549
1261,548
3098,548
1357,548
3685,545
45,544
3300,542
3614,542
3479,542
1779,541
1284,541
62,541
2133,541
163,540
2046,536
3745,535
3524,534
3438,534
2598,533
435,533
1958,530
552,529
1042,528
1911,527
1032,525
661,525
3020,524
2384,523
2951,522
3095,521
3359,520
3157,520
1945,519
2863,518
342,518
3087,516
2423,515
350,515
1248,514
2245,514
2428,513
3264,512
2642,511
849,511
2096,511
2134,510
3178,509
1635,507
1956,507
2469,506
1982,506
3534,505
3701,504
2917,504
3654,502
58,501
838,501
485,500
1476,499
1882,499
1590,498
596,498
3203,497
2137,497
3317,496
2126,495
3735,495
2420,493
2986,493
1834,493
1589,492
162,491
1907,490
3536,489
3635,487
2841,487
3168,485
628,485
3173,483
3267,483
1104,483
2186,482
1441,481
1212,480
2454,480
3260,480
2065,479
1059,479
3,478
3827,478
562,478
247,477
3269,477
2421,477
524,476
2719,476
3441,475
1644,475
1405,475
2463,475
3246,475
1591,475
2912,474
1678,474
2431,474
1041,474
1223,473
1257,472
1894,471
1694,471
2088,471
2311,470
922,470
345,469
1566,469
2734,466
1680,464
2533,463
410,463
3798,463
1449,462
3639,461
3334,461
1385,461
786,460
2973,460
2735,459
3409,459
172,458
7,458
2313,457
671,456
1120,456
348,455
1717,455
3512,454
1185,453
1254,453
3159,453
3730,453
1274,452
1955,452
1049,451
2788,451
1347,451
180,451
515,450
2739,450
994,450
3468,450
3706,448
2805,448
1792,448
3219,447
3016,447
3358,446
2409,445
2926,445
930,445
3545,443
2413,443
933,443
2687,442
1297,442
647,441
2253,440
720,438
3274,438
2116,438
3916,437
379,436
3791,435
1081,434
2450,434
1047,434
144,433
3254,433
3186,431
52,431
3869,431
2759,430
3261,429
2966,429
1614,428
372,428
802,427
1224,426
2728,426
2989,425
916,425
3285,423
2991,422
2009,422
2713,421
3035,421
3744,421
2335,420
3513,420
1100,420
3617,419
2840,419
303,418
2375,418
585,418
748,417
909,417
724,416
494,416
3019,416
2125,416
2622,415
1171,415
2471,414
3686,413
2378,413
955,413
370,412
2485,410
333,410
2600,410
1350,409
3844,408
1135,407
2648,406
1124,405
3826,405
2141,404
2993,404
1283,403
3259,403
29,403
926,403
1103,402
1892,401
2402,401
2410,401
3551,400
2857,399
1499,399
3185,398
951,397
2403,397
1616,395
2702,395
1620,395
3083,394
3196,394
1020,392
1409,392
432,392
1801,391
2919,391
2672,391
783,390
2690,390
532,389
19,389
3507,389
2010,388
1754,388
3952,388
1298,387
1888,387
105,387
928,386
674,386
224,386
2334,386
784,385
2990,385
1125,385
2794,385
3156,383
2718,383
954,383
272,383
517,382
1411,382
48,382
1719,381
2053,381
2398,380
1459,380
2015,380
3705,380
1086,379
2414,379
3068,379
164,379
22,378
940,378
3836,375
2808,375
2411,375
2468,374
905,374
520,374
1061,374
1091,373
2720,373
1301,373
1914,372
1078,372
2004,372
2565,372
2301,371
1388,370
431,369
2139,369
1379,369
3618,369
1175,368
2110,367
252,367
1556,367
3250,366
1835,366
3508,365
3712,365
2247,365
915,365
2530,365
1367,364
1944,364
1920,364
2118,363
1277,363
2942,362
145,362
168,362
1619,362
2082,361
1344,361
3811,360
2496,360
3525,360
3201,359
327,358
2532,358
3397,358
1245,358
3684,358
1217,357
60,357
2747,356
3088,356
3668,356
2297,355
1327,355
3505,355
216,355
2143,355
3152,354
2861,354
2416,354
1916,354
1518,354
3633,353
3067,353
3461,353
1810,353
3062,352
420,352
2146,352
1238,351
1693,351
376,350
1537,350
546,350
3451,350
468,350
230,349
1950,348
1603,348
3927,348
2112,346
2803,346
232,346
2950,346
514,346
3615,345
2779,345
2231,345
3000,345
2340,344
805,344
1096,344
1027,344
2474,343
900,343
3034,343
3593,342
3053,341
2995,341
2953,341
3398,341
3249,340
3688,339
3258,339
1334,338
3770,338
799,338
531,338
1687,337
492,335
306,334
3155,333
2643,332
2312,331
3452,331
2390,330
1300,330
2901,330
222,329
3556,328
2827,328
3271,328
3265,327
3071,327
2262,326
236,326
2376,325
3198,325
3681,325
2303,325
1243,325
880,324
2467,324
1030,323
3244,322
1672,321
1438,321
3528,321
170,321
2318,320
3494,320
1769,319
1031,319
2819,319
69,319
125,318
1974,317
2971,317
2921,317
1126,317
1268,317
2282,316
3040,315
538,315
741,314
3328,314
2111,312
2401,312
475,312
2531,312
44,311
1303,310
2367,309
1260,308
507,308
3146,308
1594,307
1895,306
911,306
3841,306
678,306
2802,306
2867,306
3871,305
3462,305
2513,305
2138,305
3760,305
3802,304
2348,304
934,304
3949,304
1688,304
3566,304
2130,304
3163,304
1381,303
2072,303
1964,302
1702,302
921,302
2567,302
3484,302
1845,301
1012,301
535,301
2363,301
2404,301
314,300
737,300
2346,300
2476,300
3189,300
1237,299
762,298
3388,298
1884,298
3355,298
493,298
2132,297
1429,297
5,296
3649,295
1395,295
2034,295
412,295
830,295
3498,295
2338,295
3007,295
3308,294
2518,294
481,294
3243,293
1025,293
942,292
950,292
2946,291
1009,291
2875,291
2322,290
3316,289
1588,289
3733,289
2153,288
1488,288
3129,288
2889,287
1033,287
999,286
534,286
2422,286
261,285
3812,285
1286,285
2750,285
455,285
1701,284
3576,284
2456,284
1416,282
2613,281
1422,281
2961,280
2764,280
3873,280
2287,280
2941,280
3467,279
3917,279
2117,278
616,278
1147,277
2883,277
1280,277
3565,277
1017,276
2093,276
3251,276
3384,276
3061,275
707,275
3629,275
3548,274
1969,274
2412,274
1057,274
3429,274
319,273
3099,273
2668,273
861,273
2517,273
382,272
2505,272
971,271
3307,271
3477,271
3675,271
2815,271
383,270
3723,269
952,269
3501,269
426,269
1189,269
1970,268
2059,268
3469,268
1927,268
361,268
1354,267
355,267
3708,267
3238,267
2155,267
3478,266
2447,266
1457,266
2676,266
1295,266
1633,266
2524,266
3366,265
1643,265
1480,265
2793,265
599,264
663,264
1833,264
2070,264
2389,264
3208,264
2822,263
1735,263
428,263
1342,262
2083,262
249,261
3549,260
3145,259
2408,259
1873,259
2457,259
2188,259
158,259
3153,258
373,258
1013,258
1264,257
237,257
351,257
107,256
996,256
2114,256
446,254
225,254
2022,254
101,253
3169,253
965,253
3004,252
3089,252
1963,252
1689,252
3439,251
945,251
366,251
3197,251
2906,250
1627,250
1924,249
2090,249
3821,248
3018,248
516,248
2459,247
1021,247
3700,246
2772,246
3788,246
413,245
3819,245
3764,245
2121,245
3365,245
273,244
3102,244
1218,244
2374,244
307,243
1010,242
2120,242
1971,242
41,242
1211,242
3861,241
1227,241
2922,241
3741,241
1541,240
2796,240
362,239
1991,239
719,239
2089,239
2249,239
2859,239
2240,238
2135,238
1348,238
2372,238
2644,238
1542,238
836,237
879,237
3707,237
2316,236
86,236
1939,236
1611,236
2583,235
3783,235
233,235
2558,235
3882,234
3742,234
1015,234
2232,233
804,233
281,233
2122,233
2203,233
1007,232
986,232
1431,232
3213,232
2709,232
3932,232
1130,231
2147,231
1713,231
1205,231
1290,230
1772,230
2677,230
1178,230
89,229
2745,229
448,228
276,228
1251,228
450,228
1762,227
1615,227
3516,227
2279,226
605,226
1226,226
2736,225
3179,225
1931,225
2379,225
2693,224
3032,224
73,224
3930,223
3546,223
3342,223
2399,223
3444,222
3729,222
1359,222
2136,222
3074,222
338,221
2099,221
1023,221
42,221
423,221
2025,221
3430,220
2670,220
1783,220
1132,220
3194,220
175,220
207,219
1949,219
3814,219
2553,219
3466,219
3404,219
1392,219
2159,219
1683,218
256,218
837,218
728,217
193,217
2269,217
2387,217
1340,216
464,216
1131,216
1461,216
611,216
1281,216
2357,215
282,215
3426,215
1973,215
949,215
2929,215
2123,215
3030,215
2568,214
2907,213
2202,213
1799,213
2097,213
194,213
688,213
3111,213
1951,213
491,212
371,212
280,212
3347,212
1194,212
1821,211
381,211
186,211
2877,211
3422,210
3394,210
3682,210
1389,210
1727,210
1064,209
322,209
1191,209
417,208
3093,208
3852,208
537,207
2606,207
3754,206
3097,206
3022,206
3928,206
1752,206
2163,206
542,206
931,206
1946,205
2392,205
176,205
798,204
3204,204
405,203
3296,203
203,203
204,203
533,203
3248,202
2236,202
308,202
519,202
2344,201
2729,201
1734,201
3825,201
2142,201
2259,201
3125,200
1665,200
1972,200
2033,200
3910,200
3270,200
1976,199
3676,199
2208,199
2574,199
2806,199
3801,199
3420,199
2107,199
2866,199
3519,199
1753,198
1948,198
2038,198
1862,198
1966,198
1173,198
2439,198
2102,197
2171,196
2380,196
1983,195
218,195
3135,195
3724,195
2266,195
477,195
1648,194
3066,194
1279,194
1099,194
85,194
122,194
407,193
2473,193
2870,193
2042,193
88,192
3515,192
3766,191
2176,191
1760,190
3029,190
3769,190
3324,190
188,190
932,189
2551,189
918,189
818,189
1649,189
2373,189
2448,189
1866,189
1446,189
2615,189
1353,188
947,188
3521,188
3440,188
157,187
2731,187
429,187
2320,187
938,187
906,187
2252,186
3831,186
2952,186
2091,186
2891,185
3710,185
2106,185
2752,185
490,185
3786,184
2052,183
891,183
2550,183
2377,183
374,183
2060,183
3594,182
3693,182
1995,182
3877,182
94,182
1289,182
2504,181
1515,181
147,181
3326,180
3926,180
2014,180
3646,180
2429,180
1785,180
415,179
2520,179
2183,179
512,179
28,179
3598,179
2331,179
3268,179
3896,179
1660,179
3835,178
550,178
504,178
76,178
2162,177
3500,177
3090,177
3341,177
1848,177
3834,176
3538,176
2453,176
1730,176
3299,176
482,176
1066,175
3412,175
2263,175
574,175
2549,175
901,174
1346,174
2381,174
3036,174
742,174
1209,173
2328,173
3387,173
1858,172
262,172
3200,172
943,171
2071,171
1975,171
3773,171
2771,171
2560,171
3272,171
765,171
991,170
4,170
2497,170
277,170
1128,170
3606,169
540,169
1034,169
1977,169
2730,169
2546,169
1806,168
154,168
1425,168
290,168
1414,168
3483,168
239,168
3177,168
2349,167
3918,167
3506,167
1913,167
1797,167
2206,167
81,166
3167,166
2846,166
43,166
427,166
46,166
2148,166
3784,165
3634,165
2789,165
3134,165
2852,164
2879,164
195,164
1875,164
2555,164
2902,164
1083,164
3181,163
2506,163
2639,163
3262,163
2836,163
2092,163
1487,162
2017,162
2787,162
2633,162
1593,162
1401,162
2261,161
3051,161
2900,161
2936,161
332,161
2026,161
3024,161
946,161
3190,161
12,160
2442,160
2943,160
2798,160
20,160
215,160
1840,160
3325,160
3550,160
1361,159
2361,158
1150,158
2043,158
289,158
3392,157
549,157
18,157
2829,157
3660,157
2540,156
3789,156
419,156
1016,156
1445,156
848,156
3672,156
3529,155
3480,155
1699,155
3078,155
502,155
1707,154
1082,154
2077,154
3266,154
2525,153
315,153
14,153
714,153
892,152
438,152
511,152
3364,151
1794,151
842,151
3771,151
473,151
2382,150
3011,149
2383,149
3653,149
518,149
330,149
3727,148
3747,148
1453,148
2816,148
2732,148
3728,148
2024,148
2119,147
2315,147
1177,147
2184,147
3865,147
1187,147
234,147
3929,147
15,146
1273,146
1474,146
2611,146
2432,146
2385,146
1050,146
700,145
2041,145
782,145
2935,145
1503,145
1464,145
3079,145
3405,144
2166,144
2430,144
709,144
3015,144
1468,144
3879,144
2296,144
2629,144
328,144
258,144
65,143
3503,143
299,143
459,143
3350,143
3864,143
1005,142
2370,142
1863,142
3689,141
581,141
2575,141
3385,141
2956,141
436,141
358,141
31,141
2354,141
1483,141
3457,141
694,141
3091,141
2475,140
378,140
2154,140
637,140
267,140
2069,140
177,139
3063,139
2596,139
140,139
3028,139
2492,139
3445,139
248,138
3616,138
1554,138
3846,138
1726,137
2748,137
548,137
1419,136
1014,136
2554,136
1306,136
2612,136
2365,136
3054,136
2195,135
558,135
695,135
839,135
2757,135
1011,135
2660,135
1836,135
3889,135
3937,135
2310,134
1681,134
2654,134
3327,134
3475,134
2851,133
479,133
1897,133
2996,133
1992,133
2924,133
3206,133
135,133
556,132
1190,132
936,132
2526,131
1498,131
829,131
2048,131
1085,131
2561,131
2169,130
948,130
3142,130
2726,130
3120,130
2458,130
3287,129
2241,129
227,129
3584,129
2027,129
544,129
1985,129
1176,129
2860,128
662,128
2068,128
3564,128
1623,128
100,128
2040,128
3436,128
2151,128
2212,128
1382,127
1986,127
3915,127
305,127
851,127
3571,127
360,127
1999,127
2967,127
1024,126
2443,126
1465,126
2337,126
23,126
2817,125
2280,125
3925,124
547,124
3182,124
1484,124
1018,123
2498,123
761,123
213,123
2170,123
3690,122
1938,122
3604,122
3286,122
3225,122
2436,122
1305,121
2828,121
801,121
2364,121
1003,121
627,121
691,121
3600,121
2290,121
1390,121
3794,121
346,120
810,120
74,120
3758,120
2325,119
2535,119
2888,119
2500,119
3554,119
1804,119
352,119
1942,119
3045,118
2882,118
2181,118
2932,118
3130,118
521,117
3824,117
523,117
2899,117
2360,117
199,117
159,116
1658,116
1330,116
2514,116
3557,116
2460,116
1919,116
2491,115
123,115
1978,114
334,114
506,114
79,114
257,114
2451,113
1904,113
1667,113
1998,113
169,113
1941,113
3709,113
3401,113
2095,113
2272,112
312,112
3725,112
1996,112
3840,112
3936,112
1592,112
1363,112
1979,112
63,111
2975,111
1598,111
2351,111
2173,110
2418,110
1069,110
3115,110
1686,109
1606,109
2016,109
1629,109
2165,109
3330,108
2988,108
1366,108
229,108
1043,108
1855,108
575,107
2782,107
2669,107
2940,107
3627,107
743,107
1935,107
451,106
2066,106
3807,106
692,106
3901,106
907,105
2548,105
1192,105
393,105
187,105
809,105
3406,105
465,105
1984,105
941,105
425,105
1824,104
1399,104
886,104
3017,104
3767,104
3923,104
2314,104
2050,104
2937,104
781,103
2149,103
1535,103
835,103
3357,103
2978,103
3599,103
2624,102
2570,102
3872,102
1332,102
2587,102
387,102
1827,102
2898,102
259,102
9,102
2645,102
1004,101
3628,101
3643,101
1816,101
2051,101
3094,101
735,101
978,100
1432,100
26,100
1362,100
766,100
569,100
445,100
1758,100
3946,100
2327,100
2920,100
3799,100
190,100
2799,99
1981,99
126,99
2435,99
2927,99
13,99
57,99
2970,98
3726,98
2182,98
897,98
2903,98
1051,98
2495,98
1008,97
2239,97
3544,97
388,97
3214,97
944,97
1993,97
66,97
489,97
3497,96
2519,96
2036,96
2356,96
3943,96
1162,96
71,96
3391,96
2347,95
1841,95
2725,95
2178,95
3379,95
3613,94
1167,94
501,94
2661,94
1161,94
1460,94
3895,94
1111,94
421,94
1352,94
606,93
171,93
3076,93
2472,93
2634,93
72,93
456,93
929,93
998,93
181,93
2084,93
3096,93
3275,92
3662,92
3509,92
2330,92
3908,92
3619,92
3470,92
2801,91
2969,91
1788,91
2057,91
2807,91
132,91
1940,91
725,91
1980,91
1987,91
1184,91
3217,91
1647,90
1046,90
1410,90
1236,90
2856,90
2306,90
414,90
3678,90
93,89
650,89
3837,89
82,89
3453,89
416,89
2862,89
2204,89
92,88
3502,88
1661,88
3077,88
1526,88
3715,88
1605,88
1646,88
2682,88
3399,87
3720,87
2749,87
155,87
458,87
1654,87
3919,87
1216,87
2714,87
461,86
3370,86
302,86
3713,85
2488,85
3590,85
3046,85
2437,85
1621,85
3431,85
205,85
2721,85
697,85
1600,84
340,84
2521,84
1929,84
3622,84
927,84
1640,84
3810,83
2844,83
522,83
2265,83
2177,83
2264,83
3813,83
2651,82
973,82
2511,82
1936,82
2780,82
1454,82
3661,82
1670,82
3553,82
206,82
613,82
3859,82
3055,82
1733,82
2696,81
982,81
3768,81
174,81
1475,81
444,81
2983,81
3086,81
2075,81
1054,81
1440,81
1626,81
275,80
242,80
2113,79
2522,79
64,79
612,79
2168,79
2255,79
117,79
270,79
2738,79
3425,79
833,78
3230,78
639,78
1006,78
3572,77
917,77
2238,77
3224,77
3743,77
1655,77
3738,77
1355,77
3547,77
2928,77
1744,77
635,77
1934,77
881,77
2769,77
87,76
2271,76
2029,76
2098,76
1404,76
191,75
631,75
1601,75
424,75
30,74
483,74
2417,74
2445,74
3038,74
2267,74
3427,74
2295,74
3423,74
764,74
1642,74
3417,73
3117,73
3041,73
1545,73
3792,72
1870,72
1856,72
3432,72
2880,72
2786,72
2965,72
1202,72
3199,72
3447,72
408,72
1550,71
365,71
3669,71
3048,71
935,71
3340,71
2275,71
640,71
1442,71
3732,71
2665,71
3235,71
449,71
3112,70
35,70
2062,70
3822,70
3914,70
3180,70
1241,70
2276,70
2152,69
3909,69
469,69
2419,69
988,69
3658,69
2905,69
152,69
505,69
2621,69
1839,69
3858,69
3075,69
3746,69
893,69
8,68
2774,68
2607,68
3487,68
3579,68
528,68
3103,68
118,68
1881,68
2974,67
2874,67
513,67
1599,67
2609,67
615,67
453,67
61,67
609,67
354,67
3716,67
3118,66
3491,66
3511,66
3823,66
3714,66
255,66
3138,66
3211,66
2625,66
2073,66
3920,66
156,66
3795,66
2582,66
3696,65
2972,65
3013,65
1595,65
3042,65
2007,65
2649,65
1604,65
3375,65
3456,65
1456,64
3109,64
486,64
2589,64
1837,64
2597,64
1337,64
217,64
437,64
680,64
3774,64
1731,64
2868,63
2784,63
2781,63
1397,63
1937,63
1750,63
271,63
3368,63
1482,63
1398,63
3787,63
2446,63
3310,62
3459,62
1703,62
2250,62
3141,62
363,62
3694,62
2594,62
3679,62
580,62
711,62
3514,62
487,62
2656,62
2461,62
27,61
2790,61
3165,61
166,61
1943,61
321,61
326,61
2885,61
3718,61
2283,61
2741,61
1900,61
565,61
3064,60
3150,60
3577,60
3857,60
1887,60
1582,60
68,60
806,60
3596,60
102,60
2434,60
1581,59
759,59
882,59
2386,59
3428,59
3496,59
390,59
3692,58
3806,58
2818,58
2180,58
603,58
369,58
1684,58
2368,58
2425,58
3663,58
2667,58
959,58
1365,58
2035,57
803,57
2753,57
3241,57
3734,57
1523,57
2925,57
422,57
2835,56
670,56
3372,56
3127,56
3833,56
3304,56
976,56
1326,56
1609,55
747,55
3069,55
269,55
536,55
577,55
1336,55
1612,55
1746,55
3395,55
3947,55
2045,55
2507,54
3188,54
963,54
467,54
1865,54
1255,54
268,54
3518,54
2037,54
2210,54
2285,54
2751,54
313,54
3664,54
828,54
3950,54
990,54
2462,54
1791,53
113,53
1341,53
2820,53
3695,53
2104,53
2663,53
2362,53
3031,53
3302,53
2044,52
209,52
1516,52
2647,52
80,52
3903,52
2190,52
1232,52
2515,52
779,52
2939,52
1922,52
2499,52
715,52
3289,52
1428,52
1988,51
896,51
1756,51
1759,51
3605,51
3008,51
1427,51
3128,51
3393,51
1869,51
710,51
3790,51
3416,51
2652,51
964,51
1413,50
2733,50
3655,50
1180,50
3620,50
78,50
1056,50
3414,50
1113,50
840,50
1331,50
99,50
1624,50
1650,50
3737,50
499,49
870,49
1889,49
3144,49
182,49
1447,49
2260,49
1631,49
3602,49
325,49
3626,49
409,49
3014,49
1546,49
3281,49
3870,49
1854,48
2573,48
3371,48
2697,48
1497,48
2590,48
433,48
888,48
291,48
3588,48
1472,48
3318,48
2585,48
179,48
3433,48
309,48
667,47
731,47
668,47
1896,47
2655,47
3921,47
1739,47
813,47
463,47
498,47
1771,47
2440,47
149,47
3674,47
3839,47
2708,47
3680,47
347,46
3276,46
1439,46
2659,46
2618,46
3765,46
279,46
2812,46
1571,45
3320,45
1925,45
3284,45
3183,45
2516,45
3677,45
55,45
240,45
2977,45
564,45
3898,45
3719,45
472,44
1525,44
2479,44
3782,44
1860,44
2341,44
2237,44
97,44
937,44
2614,44
3808,44
1495,44
875,44
1812,44
3158,44
1417,43
1602,43
3731,43
3339,43
3454,43
885,43
3849,43
2345,43
3945,43
2400,43
808,43
1323,43
301,43
3804,43
3367,43
2286,43
1310,43
2876,43
2681,43
2284,43
3691,42
343,42
1798,42
2523,42
3133,42
2884,42
2055,42
2842,42
2653,42
2477,42
621,42
2893,42
2465,42
510,42
1105,42
294,42
495,42
869,42
1507,42
704,42
3838,42
2610,41
210,41
2630,41
335,41
2704,41
2810,41
602,41
1910,41
2848,41
2689,41
3780,41
116,41
54,41
3739,40
384,40
1317,40
3912,40
1826,40
3043,40
3632,40
2566,40
987,40
278,40
3951,40
3886,40
391,40
1473,40
3884,40
1563,40
3851,40
956,40
2032,40
3343,40
1668,39
3922,39
3539,39
3736,39
2646,39
488,39
3442,39
656,39
2179,39
3855,39
3446,39
254,38
2982,38
3659,38
2744,38
460,38
2307,38
3389,38
470,38
452,38
3816,38
3434,38
846,38
1867,38
3132,38
121,37
2049,37
1547,37
957,37
1677,37
1669,37
3820,37
2031,37
3569,37
496,37
970,37
3239,37
3597,37
2103,37
1829,37
3049,37
2979,37
1489,37
2552,37
2536,37
2638,36
705,36
1564,36
1415,36
1329,36
1809,36
1508,36
3021,36
1932,36
2620,36
1169,36
1551,36
665,35
2481,35
1044,35
3567,35
304,35
3331,35
1351,35
3759,35
1112,35
476,35
3002,35
2593,35
1068,35
568,35
2626,35
1053,35
3010,35
3667,35
2323,35
77,34
3537,34
211,34
1119,34
1463,34
3449,34
3805,34
3124,34
3610,34
2878,34
571,34
2537,34
1825,33
760,33
2766,33
2847,33
1123,33
2650,33
718,33
3390,33
3311,33
3900,33
201,33
103,33
3110,33
984,33
3073,33
2637,33
83,33
324,33
2205,33
3711,33
3143,33
3240,33
2886,33
3520,32
3218,32
3906,32
1859,32
2727,32
3913,32
2894,32
619,32
2756,32
1695,32
3403,32
753,32
1926,32
320,32
1322,32
2711,32
1596,32
1906,32
238,32
2449,32
2755,31
2938,31
1114,31
2635,31
341,31
443,31
1151,31
447,31
862,31
2758,31
746,31
1529,31
2992,31
3673,31
2131,30
1902,30
3222,30
40,30
2482,30
202,30
3843,30
1613,30
386,30
250,30
600,30
850,30
2849,30
685,30
3612,30
3587,30
1755,30
3559,30
3580,29
1152,29
2778,29
2813,29
183,29
484,29
295,29
3781,29
2086,29
3400,29
241,29
3122,29
1312,29
3221,29
1844,29
2579,29
3223,29
418,29
1928,29
3797,29
297,28
2853,28
824,28
583,28
220,28
2945,28
1585,28
2666,28
2493,28
3586,28
3934,28
3942,28
2577,28
3845,28
716,28
462,28
3540,28
263,28
2864,28
3761,28
38,28
3319,28
1696,28
214,28
2896,28
997,28
3338,27
3531,27
722,27
3938,27
702,27
1477,27
2559,27
1874,27
1583,27
2426,27
2494,27
3931,27
2339,27
2196,27
49,27
3329,27
554,26
1490,26
1572,26
2187,26
1767,26
2441,26
3939,26
2674,26
3562,26
3885,26
1880,26
184,26
3568,26
3665,26
1063,26
3924,26
3573,26
2128,25
3847,25
3830,25
2483,25
2586,25
3171,25
3349,25
2678,25
3106,25
1814,25
392,25
2305,25
2293,25
1328,25
2785,25
841,25
1496,25
2767,25
659,25
2743,24
867,24
1533,24
1511,24
2256,24
1458,24
3473,24
877,24
430,24
3776,24
3874,24
274,24
767,24
3309,24
3306,24
1406,24
478,24
1857,24
3902,24
3721,24
3756,24
1679,24
3192,24
3345,23
1067,23
1570,23
570,23
669,23
3935,23
298,23
2843,23
1076,23
3402,23
3415,23
1426,23
961,23
967,23
2397,23
2737,23
1325,23
148,23
1725,23
3941,22
219,22
1728,22
2047,22
1879,22
3488,22
1324,22
1421,22
3749,22
2800,22
2873,22
1671,22
2715,22
1455,22
1437,21
287,21
2837,21
525,21
876,21
3162,21
2074,21
331,21
573,21
1509,21
1822,21
3894,21
1335,21
3670,21
84,21
3532,21
2189,21
2227,21
1893,21
3832,21
1933,21
2157,20
3637,20
2201,20
831,20
3775,20
3464,20
3313,20
645,20
3344,20
2292,20
960,20
1657,20
2164,20
389,20
2158,20
1662,20
2691,20
1000,20
3862,20
1692,20
1846,20
633,20
2897,20
2809,20
3848,20
1412,20
1666,20
2865,20
1632,20
3854,20
3092,20
992,20
1494,19
178,19
1770,19
626,19
359,19
2452,19
2350,19
3161,19
1055,19
3585,19
1549,19
2211,19
1163,19
2512,19
336,19
638,19
3645,18
2834,18
2509,18
3465,18
283,18
2544,18
251,18
2056,18
2175,18
3121,18
3880,18
146,18
3047,18
1168,18
1501,18
1087,18
771,18
394,18
2913,17
2963,17
1651,17
1565,17
1170,17
3139,17
1493,17
2185,17
1116,17
3644,17
197,17
3574,17
617,17
375,17
3490,17
2257,17
3757,17
1853,17
2534,17
2904,17
1807,17
563,17
2923,17
2740,17
3050,16
3625,16
1990,16
3474,16
3817,16
3333,16
3137,16
3860,16
1504,16
1144,16
974,16
3933,16
131,16
649,16
2298,15
1154,15
751,15
1520,15
189,15
1989,15
3351,15
2981,15
3374,15
681,15
2415,15
2008,15
3940,15
1574,15
3611,15
2388,15
3283,15
2101,15
3883,15
1349,14
567,14
1450,14
1575,14
1898,14
2246,14
2775,14
3492,14
2773,14
1153,14
212,14
3581,14
807,14
2627,14
3025,14
2079,14
1656,14
124,14
1423,14
2824,14
561,13
1811,13
1121,13
1502,13
3563,13
3419,13
411,13
2998,13
1313,13
1715,13
632,13
1850,13
2768,13
3850,13
754,13
2466,13
96,13
137,13
2776,13
129,13
566,13
503,13
119,13
3642,13
228,13
1793,13
3796,13
958,13
2636,13
3853,13
769,12
3878,12
3058,12
3335,12
106,12
3437,12
200,12
2215,12
3495,12
925,12
2892,12
2545,12
397,12
128,12
2754,12
1117,12
3640,12
2964,12
1817,12
75,12
864,12
2326,12
3867,12
3215,11
2914,11
939,11
2342,11
1058,11
2830,11
1878,11
3777,11
2632,11
1743,11
1864,11
2281,11
2695,11
2221,11
2658,11
114,11
1675,11
1383,11
1531,11
2197,11
1038,11
1539,11
245,11
2854,11
962,11
3116,11
3486,10
793,10
703,10
3570,10
2962,10
2839,10
2219,10
243,10
244,10
860,10
1872,10
3282,10
2209,10
2191,10
2931,10
2855,10
2783,10
1899,10
1181,10
2994,10
1749,10
2675,10
863,10
3463,10
3892,10
3012,10
385,10
811,9
618,9
614,9
1567,9
726,9
2486,9
2984,9
3410,9
3140,9
2569,9
755,9
652,9
2156,9
775,9
3636,9
993,9
2933,9
1891,9
56,9
3944,9
1436,9
3149,9
2562,9
2503,9
3648,9
3803,9
1782,8
3003,8
2200,8
560,8
2831,8
3026,8
1444,8
2317,8
1780,8
406,8
598,8
3154,8
2464,8
3641,8
3592,8
2332,8
53,8
37,8
1026,8
59,8
854,8
3523,8
136,8
2814,8
664,8
874,8
1002,8
2063,8
2129,8
2234,8
2207,8
3905,8
526,8
844,7
2673,7
1522,7
2304,7
1659,7
1138,7
1543,7
2705,7
1486,7
630,7
1890,7
2244,7
3818,7
3891,7
2911,7
3027,7
2487,7
2192,7
2765,7
1514,7
2061,7
3533,7
1720,7
1420,7
108,7
1311,7
1849,7
2760,7
1718,7
847,7
2850,7
3866,6
1903,6
1519,6
90,6
3666,6
1538,6
732,6
1160,6
310,6
2242,6
966,6
3303,6
3292,6
1384,6
3778,6
3166,6
815,6
3056,6
3657,6
2833,6
1532,6
98,6
3001,6
1534,6
1685,6
972,6
2602,6
1471,5
1741,5
1636,5
3652,5
2557,5
2608,5
1622,5
2679,5
3875,5
1664,5
559,5
3443,5
3293,5
2444,5
1796,5
698,5
167,5
3184,5
264,5
3207,5
3232,5
3245,5
2233,5
1433,5
2631,5
1369,5
1098,5
3346,5
1930,5
1901,5
1040,5
2777,5
1164,5
1174,5
2930,5
1071,5
2538,5
980,5
2934,5
3887,4
33,4
985,4
3314,4
3322,4
2358,4
2825,4
1102,4
3288,4
1652,4
2823,4
834,4
757,4
756,4
3378,4
2578,4
404,4
2955,4
2685,4
682,4
3876,4
696,4
2887,4
2172,4
2299,4
823,4
820,4
2999,4
1149,4
3472,4
2127,4
2623,4
1561,4
3205,4
981,4
2960,4
1553,4
749,4
67,4
776,4
1871,4
1886,4
3595,4
1877,4
3609,4
796,3
3603,3
3373,3
666,3
744,3
3380,3
687,3
3762,3
3800,3
120,3
2821,3
623,3
3772,3
3187,3
1315,3
3216,3
3352,3
734,3
1861,3
3242,3
3899,3
3522,3
2869,3
1039,3
3123,3
1107,3
3136,3
3126,3
853,3
3575,3
3631,3
643,3
3407,3
2576,3
634,3
729,3
3621,3
2510,3
3482,3
3119,3
2223,3
787,3
134,2
3057,2
706,2
2591,2
889,2
607,2
2258,2
657,2
1851,2
2309,2
1070,2
2895,2
138,2
3601,2
1787,2
690,2
3084,2
3236,2
1558,2
3131,2
1133,2
1548,2
821,2
439,2
192,2
3651,2
660,2
1555,2
3888,2
3085,2
3542,2
887,2
591,2
1528,2
1795,2
3212,2
3828,2
2251,2
3228,2
1842,2
3233,2
884,2
3295,2
1062,2
1134,2
3337,2
2343,2
3353,2
3748,2
3493,2
672,2
3485,2
2811,2
3377,2
791,2
789,2
3381,2
1145,2
3336,2
401,2
572,2
1364,2
679,2
2480,2
1360,2
3413,2
530,2
1142,2
1905,2
2543,2
1139,2
1773,2
3687,2
895,2
977,2
3294,2
1510,2
975,2
130,2
3305,2
712,2
3517,2
582,2
557,2
2198,2
827,2
578,2
1868,2
1434,2
226,1
865,1
684,1
989,1
2217,1
2214,1
2213,1
398,1
396,1
3881,1
2619,1
1764,1
2742,1
2308,1
3656,1
2254,1
3065,1
644,1
1386,1
2235,1
2909,1
3890,1
868,1
402,1
826,1
642,1
872,1
3904,1
1165,1
2277,1
3607,1
3647,1
311,1
2226,1
2218,1
641,1
3229,1
651,1
3321,1
1714,1
576,1
127,1
579,1
3323,1
2584,1
1630,1
3315,1
2845,1
3312,1
2039,1
3779,1
1852,1
3297,1
584,1
792,1
2703,1
859,1
758,1
1709,1
3460,1
3458,1
730,1
1908,1
878,1
1118,1
1915,1
1115,1
2484,1
3722,1
717,1
3382,1
3376,1
286,1
1316,1
3291,1
3280,1
3151,1
1820,1
2592,1
1832,1
1830,1
2438,1
3202,1
3842,1
655,1
701,1
790,1
1815,1
1470,1
3172,1
3164,1
774,1
545,1
843,1
1724,1
3209,1
814,1
3220,1
2556,1
3277,1
133,1
3530,1
601,1
658,1
139,1
142,1
1430,1
1843,1
1579,1
3237,1
763,1
624,1
2563,1
3290,1
